<?xml version="1.0" encoding="UTF-8"?>
<!DOCTYPE mapper
  PUBLIC "-//mybatis.org//DTD Mapper 3.0//EN"
  "http://mybatis.org/dtd/mybatis-3-mapper.dtd">
  <!-- 게시판 전체 목록 조회 -->
  <mapper namespace="Board">
  	<!-- Q&A게시판 조회 -->
  	<select id = "QNAboardList" resultType="kr.co.Board.BoardDTO">
  		select *
  		from board  
  		where b_del = 0 and bcode_number = 2
  		order by b_number desc;		
  	</select>
  	
  	<!-- 게시판 글 선택 조회 -->
  	<select id = "getDetail" parameterType="java.lang.Integer" resultType="kr.co.Board.BoardDTO">
  		select * 
  		from board
  		where b_number = #{b_number}
  	</select>
  	
  	<!-- 게시판 글 쓰기 -->
  	<insert id = "register" parameterType="kr.co.Board.BoardDTO">
  		insert into 
  		board(b_title, b_content, b_id, b_regdate, b_readcnt, b_etc, b_del, bcode_number)
  		values(#{b_title}, #{b_content}, #{b_id}, curdate(), 0, #{b_etc}, 0, #{bcode_number} )
  	</insert>
  	
  	<!-- 게시판 글 수정 -->
  	<update id = "update" parameterType="kr.co.Board.BoardDTO" >
  		update board 
  		set b_title = #{b_title},  b_content = #{b_content}
  		where b_number = #{b_number}
  	</update>
  	
  	<!-- 게시판 글 삭제 del=0 -->
  	<update id = "delete" parameterType="java.lang.Integer" >
  		update board 
  		set b_del = 1
  		where b_number = #{b_number}
  	</update>
  	
  	<!-- 조회수 증가 -->
  	<update id="readcnt" parameterType="java.lang.Integer">
  		update board 
  		set 
  		b_readcnt = b_readcnt + 1
  		where b_number = #{b_number}  
  	</update>
  	
  	<!-- 게시판 좋아요 + 카운팅 -->
  	<update id="likecnt" parameterType="java.lang.Integer">
  		update board 
  		set 
  		b_likecnt = b_likecnt + 1
  		where b_number = #{b_number}  
  	</update>
  	
  	<!-- 게시판 좋아요 - 카운팅 -->
  	<update id="hatecnt" parameterType="java.lang.Integer">
  		update board 
  		set 
  		b_likecnt = b_likecnt - 1
  		where b_number = #{b_number}  
  	</update>
  	
  	<!-- 게시판 좋아요 활성-->
  	<update id="like" parameterType="java.lang.Integer">
  		update board 
  		set 
  		b_like = 1
  		where b_number = #{b_number}  
  	</update>
  	
  	<!-- 게시판 좋아요 비활성-->
  	<update id="hate" parameterType="java.lang.Integer">
  		update board 
  		set 
  		b_like = 0
  		where b_number = #{b_number}  
  	</update>
  	
  	<!-- /////////////////////////댓글///////////////////////////// -->
  	<!-- 댓글 조회 -->
  	<select id = "getreply" parameterType="java.lang.Integer" resultType="kr.co.Board.BoardReplyDTO" >
  		select * from board_reply
  		where b_number = #{b_number}
  	</select>
  	
  	<!-- 댓글 작성 -->
  	<insert id="replyregister" parameterType="kr.co.Board.BoardReplyDTO">
  		insert into board_reply(re_writer,re_content,re_date,b_number)
  		values(#{re_writer},#{re_content},curdate(),#{b_number})
  	</insert>
  	
  	<!-- 댓글 수정 -->
  	<update id="replyupdate" parameterType="kr.co.Board.BoardReplyDTO">
  		update board_reply
  		set
  		re_content = #{re_content}, re_date = curdate()
  		where re_number = #{re_number}
  	</update>
  	
  	<delete id = "replydelete" parameterType="java.lang.Integer">
  		delete from board_reply
  		where re_number = #{re_number}
  	</delete>
  	
  	<!-- 페이징 -->
  	<!-- QNA 게시판 페이징 -->
  	<select id="listPaging" resultType="kr.co.Board.BoardDTO">
  		<![CDATA[
	  		select *
	  		from board
	  		where b_del = 0 
	  		order by b_number desc 
	  		limit #{page}, #{perPageNum} 		
  		]]>
  	</select>
  	
  	<!-- QNA 게시판 게시글 조회 -->
  	<select id="listCriteria" parameterType="kr.co.Board.Criteria" resultType="kr.co.Board.BoardDTO">
  		<![CDATA[
	  		select * 
	  		from board
	  		where b_del = 0 and bcode_number = 2
	  		limit #{num}, #{perPageNum};
  		]]>	
  	</select>
  	
  	
  	
  	
  </mapper>