<?xml version="1.0" encoding="UTF-8"?>
<!DOCTYPE mapper
  PUBLIC "-//mybatis.org//DTD Mapper 3.0//EN"
  "http://mybatis.org/dtd/mybatis-3-mapper.dtd">
  <mapper namespace="Member">
	<!-- 로그인처리 -->
	<select id="login" parameterType="java.util.Map" resultType="java.util.Map">
	select mb_number, mb_id
	from member
	where mb_id=#{mb_id} and mb_pw=#{mb_pw};
	</select>
	
	<!-- 회원목록조회 -->  
  	<select id = "memberList" resultType="kr.co.Member.MemberDTO">
  		select *
  		from Member 
  		where mb_id != 'admin' and mb_del=0 order by mb_number desc;		
  	</select>
  	
  	<!-- 회원가입 -->
  	<insert id = "insert" parameterType="kr.co.Member.MemberDTO">
  		insert into 
  		member(mb_id, mb_pw, mb_name, mb_email, mb_ph, mb_signup, mb_ad1, mb_ad2, mb_ad3, mb_del)
  		values(#{mb_id}, #{mb_pw}, #{mb_name}, #{mb_email}, #{mb_ph}, curdate(), #{mb_ad1}, #{mb_ad2}, #{mb_ad3}, 0)
  	</insert>
  	
	 <!-- 아이디 유효성 검사 -->
  	 <select id = "idChecking" parameterType="java.lang.String" resultType="java.lang.Integer">
    	select count(*) from member
  	 	where mb_id=#{mb_id };	 
  	 </select>
  	 
  	 <!-- 아이디로 멤버 정보 가져오기 -->
  	 <select id = "getMember_number" parameterType="java.lang.Integer" resultType="kr.co.Member.MemberDTO">
    	select *
    	from member
  	 	where mb_id=#{mb_id };	 
  	 </select>
  </mapper>