<?xml version="1.0" encoding="UTF-8"?>
<!DOCTYPE mapper
  PUBLIC "-//mybatis.org//DTD Mapper 3.0//EN"
  "http://mybatis.org/dtd/mybatis-3-mapper.dtd">
  <mapper namespace="Product">
  
  <!-- 상품 목록 보기 -->
  <select id="ProductList" resultType="kr.co.Product.ProductDTO">
  	select *
  	from product;
  </select>
  
  <!-- 상품 선택시 정보 -->
  <select id="ProductGetDetail" parameterType="java.lang.Integer" resultType="kr.co.Product.ProductDTO">
  	select *
  	from product
  	where pd_number = #{pd_number};
  </select>
  
  <!-- 상품 추가 -->
  <insert id="ProductRegister" parameterType="kr.co.Product.ProductDTO">
  	insert into 
  	product(pd_name,pd_price,pd_category,pd_memo,pd_detail,pd_company,pd_stock,
	pd_img)
	values(#{pd_name},#{pd_price},#{pd_category},#{pd_memo},#{pd_detail},
	#{pd_company},#{pd_stock},#{pd_img})
  </insert>
  
  <!-- 상품 수정 -->
  <update id="ProductUpdate" parameterType="kr.co.Product.ProductDTO">
  	update product
  	set pd_name = #{pd_name}, 
  	pd_price = #{pd_price},
  	pd_category = #{pd_category}, 
  	pd_memo = #{pd_memo},
  	pd_detail = #{pd_detail},
  	pd_company = #{pd_company},
  	pd_stock = #{pd_stock},
  	pd_img = #{pd_img}
  	where pd_number = #{pd_number};
  </update>
  
  <!-- 상품 삭제 -->
  <delete id="ProductDelete" parameterType="java.lang.Integer">
  	delete from product
  	where pd_number = #{pd_number};
  </delete>
  
  <!-- //////////////////장바구니//////////////////////////// -->
  <!-- 장바구니 추가 -->
  <insert id="CartInsert" parameterType="java.lang.Integer">
  	insert into
  	cart(mb_number,pd_number,cart_amount,cart_totalPrice)
  	values( #{mb_number}, #{pd_number}, #{cart_amount}, #{cart_totalPrice})
  </insert>
  
  <!-- 회원번호로 장바구니 보기 -->
  <select id ="CartCheck" parameterType="java.lang.Integer" resultType="kr.co.Product.CartDTO">
  	 select * from 
  	 product as p
  	 join cart as c
  	 on p.pd_number = c.pd_number and mb_number = #{mb_number};
  </select>
  
  <!-- 카트 상세정보 가져오기 -->
  <select id="CartGetDetail" parameterType="java.lang.Integer" resultType="kr.co.Product.CartJoinDTO">
  	select *
  	from cart
  	where cart_number = #{cart_number};
  </select>
</mapper>